[{"title":"피자헛","keywords":["피자헛"],"data":[{"period":"2020-03-01","ratio":66.95558},{"period":"2020-04-01","ratio":56.04019},{"period":"2020-05-01","ratio":50.04869},{"period":"2020-06-01","ratio":55.26608},{"period":"2020-07-01","ratio":50.06043},{"period":"2020-08-01","ratio":54.68245},{"period":"2020-09-01","ratio":45.24191},{"period":"2020-10-01","ratio":37.60841},{"period":"2020-11-01","ratio":49.25794},{"period":"2020-12-01","ratio":70.76736},{"period":"2021-01-01","ratio":57.51873},{"period":"2021-02-01","ratio":100},{"period":"2021-03-01","ratio":16.36254}]},{"title":"도미노","keywords":["도미노"],"data":[{"period":"2020-03-01","ratio":9.01578},{"period":"2020-04-01","ratio":6.67952},{"period":"2020-05-01","ratio":8.43335},{"period":"2020-06-01","ratio":6.47767},{"period":"2020-07-01","ratio":6.01393},{"period":"2020-08-01","ratio":8.22751},{"period":"2020-09-01","ratio":6.78759},{"period":"2020-10-01","ratio":5.4534},{"period":"2020-11-01","ratio":7.13972},{"period":"2020-12-01","ratio":10.08535},{"period":"2021-01-01","ratio":7.85242},{"period":"2021-02-01","ratio":8.2525},{"period":"2021-03-01","ratio":2.65392}]},{"title":"미스터피자","keywords":["미스터피자"],"data":[{"period":"2020-03-01","ratio":26.534},{"period":"2020-04-01","ratio":33.21344},{"period":"2020-05-01","ratio":21.75935},{"period":"2020-06-01","ratio":19.68898},{"period":"2020-07-01","ratio":29.83951},{"period":"2020-08-01","ratio":28.03887},{"period":"2020-09-01","ratio":25.48075},{"period":"2020-10-01","ratio":17.6895},{"period":"2020-11-01","ratio":17.38403},{"period":"2020-12-01","ratio":25.50829},{"period":"2021-01-01","ratio":19.48759},{"period":"2021-02-01","ratio":14.87294},{"period":"2021-03-01","ratio":5.58759}]}]